<?xml version="1.0" encoding="UTF-8"?>
<!-- 
OBJECTIVE
  - Data Model : Stores Clarity Objects Created During Application Lifecycle
HISTORY
  - 2014-04-25 : CoPrime (DMA) - OBS
  - 2014-08-13 : CoPrime (DMA) - ITCE
  - 2015-03-17 : CoPrime (DMA) - Manpower (CSP add-on)
  - 2015-06-25 : CoPrime (DMA) - BNP Lease (PMO add-on), Factor PMO objects
  - 2016-06-20 : CoPrime (DMA) - Firmenich
  - 2016-07-05 : CoPrime (DMA) - OBS
  - 2016-10-18 : CoPrime (DMA) - BNP 14.4
  - 2016-11-17 : CoPrime (DMA) - Tables XBKP
  - 2016-12-01 : CoPrime (DMA) - OBS
  - 2017-02-08 : CoPrime (DMA) - OBS 15.1
  - 2018-06-22 : CoPrime (DMA) - RCI 13.2
  - 2019-03-07 : CoPrime (DMA) - GL 15.5
  - 2019-07-05 : CoPrime (DMA) - ESP 13.3, Index
BUSINESS RULES
  - Depends on the Client Configuration
-->
<schema>
  <object type="FUNCTION">
    <i>PRJ_TASK_EFFORT_FCT</i>
    <i>CMN_INDEX_FCT</i>
    <i>CMN_DATE_TIME_DIFF_FCT</i>
    <i>COP_ALIGNMENT_FCT</i>
    <i>COP_CALC_FINISH_FCT</i>
    <i>COP_CALC_FINISH_TIME_FCT</i>
    <i>COP_CONVERT_SECONDS_FCT</i>
    <i>COP_DATE_TRUNC_FCT</i>
    <i>COP_DAYS_LATE_FCT</i>
    <i>COP_DAYS_LATE_PCT_FCT</i>
    <i>COP_FORMATDATETIME_FCT</i>
    <i>COP_GET_ETC_FCT</i>
    <i>COP_GET_OBJECT_NAME_FCT</i>
    <i>COP_GET_PROCESS_STEPS_FCT</i>
    <i>COP_INIT_CAP_FCT</i>
    <i>COP_INSTR_FCT</i>
    <i>COP_LATEST_STATUS_RPT_FCT</i>
    <i>COP_PARSE_STRING_FCT</i>
    <i>COP_PORT_SLICE_PERIOD_DAYS_FCT</i>
    <i>COP_PROCESS_LOOP_COUNT_FCT</i>
    <i>COP_PROJ_CURRBASE_TOT_FCT</i>
    <i>COP_PROJ_EAC_TOT_FCT</i>
    <i>COP_PROJ_NONCURRBASE_TOT_FCT</i>
    <i>COP_RISK_FCT</i>
    <i>COP_START_DAYS_LATE_FCT</i>
    <i>COP_START_DAYS_LATE_PCT_FCT</i>
    <i>COP_SUM_WBS_MATRIX_FCT</i>
    <i>CSP_CAL_DATEFORMAT_FCT</i>
    <i>CSP_CAL_STARTDATE_FCT</i>
    <i>CSP_RIM_AI_ASSIGNEES_FCT</i>
    <i>COP_CAL_DATE_ADD_FCT</i>
    <i>COP_CAL_STARTDATE_FCT</i>
  </object>
  <object type="INDEX">
    <i>WIPPOST_EXCLUDE_EMPLOYEE_PK</i>
    <i>WKF_RELEVANT_FIELDS_PK</i>
    <i>XDM_CDF_SRM_RESOURCES_N2</i>
    <i>XDM_CDF_SRM_RESOURCES_PK</i>
    <i>XDM_CDF_SRM_RESOURCES_S1</i>
    <i>XDM_CDF_SRM_PROJECTS_N2</i>
    <i>XDM_CDF_SRM_PROJECTS_PK</i>
    <i>XDM_CDF_SRM_PROJECTS_S1</i>
    <i>WKF_WORKFLOW_DOCS_N1</i>
    <i>WKF_WORKFLOW_DOCS_N2</i>
    <i>WKF_WORKFLOW_DOCS_U1</i>
    <i>XDM_CDF_SRM_COMPANIES_N2</i>
    <i>XDM_CDF_SRM_COMPANIES_PK</i>
    <i>XDM_CDF_SRM_COMPANIES_S1</i>
    <i>PPA_POSTING_ERRORS_PK</i>
    <i>PAC_TANDE_BKGD_CONF_PK</i>
    <i>PAC_FRC_MIGRATION_PROP_U1</i>
    <i>PAC_FRC_MIGRATION_DETAILS_U1</i>
    <i>NPM_NIKU6_MIGRATION_ID_1</i>
    <i>NBI_LOG_MATRIX_DATES_U1</i>
    <i>IDX_18</i>
    <i>GLEXCEPTION_IDX</i>
    <i>EVENTS_IDX</i>
    <i>CMN_SESSION_PROPERTIES_S1</i>
    <i>BUDGETHEADER_IDX</i>
    <i>ADJGRPNBR_PK</i>
    <i>BPM_EM_EVENTS_PK</i>
    <i>CAP_FILTERS_N1</i>
    <i>CAP_FILTERS_PK</i>
    <i>CAP_LIST_SELECTIONS_N1</i>
    <i>CAP_LIST_SELECTIONS_PK</i>
    <i>CAP_VIEW_COLUMNS_N1</i>
    <i>CAP_VIEW_COLUMNS_PK</i>
    <i>CAP_VIEWS_N1</i>
    <i>CAP_VIEWS_PK</i>
    <i>CMN_LOOKUPS_N4</i>
    <i>DEPARTMENTS_N2</i>
    <i>FIN_FINANCIALS_N9</i>
    <i>INV_FLAT_HIERARCHIES_HIER_PATH</i>
    <i>INV_INVESTMENTS_N15</i>
    <i>LOCATIONDEPT_DEPT_ID_IDX</i>
    <i>LOCATIONS_N1</i>
    <i>NBI_PRJ_RES_RATES_AND_COSTS_N3</i>
    <i>NBI_PRJ_RES_RATES_AND_COST_N3</i>
    <i>NBI_PRJ_RES_RATES_AND_COST_N4</i>
    <i>NMS_MESSAGES_N2</i>
    <i>PAC_MNT_PROJECTS_N7</i>
    <i>PPA_WIP_TRANSNO_STATUS_INV</i>
    <i>PPA_WIP_U1</i>
    <i>PRCONSTRAINT_U2</i>
    <i>PRTASK_N7</i>
    <i>PRTEAM_N12</i>
    <i>PRTIMEPERIOD4</i>
    <i>PRTIMESHEET6</i>
    <i>SRM_RESOURCES_N15</i>
    <i>TEMP_INC_ONLY_PROJECTS_N1</i>
    <i>TEMP_CAPEX_ENABLED_INVS_N3</i>
    <i>XDM_ACT_RES_RESUME_N2</i>
    <i>XDM_ACT_RES_RESUME_PK</i>
    <i>CMN_SEC_USERS_UID_N1</i>
    <i>APICLIENT_PK</i>
    <i>API_CLIENT_U1</i>
    <i>CMN_FEATURES_PK</i>
    <i>CMN_SEC_ACCESS_TOKENS_N1</i>
    <i>CMN_SEC_ACCESS_TOKENS_O2</i>
    <i>CMN_SEC_ACCESS_TOKENS_PK</i>
    <i>CMN_SEC_ACCESS_TOKENS_U2</i>
    <i>PPA_WIP_VALUES_U1</i>
  </object>
  <object type="PACKAGE">
    <i>CSP_RPT_LABELS_UPD_PKG</i>
    <i>RPT_STANDARDPKG</i>
    <i>PTI_PKG</i>
  </object>
  <object type="PACKAGE BODY">
    <i>CSP_RPT_LABELS_UPD_PKG</i>
    <i>RPT_STANDARDPKG</i>
    <i>PTI_PKG</i>
  </object>
  <object type="PROCEDURE">
    <i>prj_reset_unit_depth_sp</i>
    <i>CMN_SEC_GROUP_ROLE_INS_ID_SP</i>
    <i>REV_ADMIN_APPLYUDB</i>
    <i>CMN_SEC_USER_GROUPS_INS</i>
    <i>CSP_RPT_LABELS_UPD_SP</i>
    <i>RPT_BUDGET_FORECAST_ANALYSIS</i>
    <i>RPT_CAPACITYBYRESOURCE_SP</i>
    <i>RPT_CAPACITYBYROLE_SP</i>
    <i>RPT_INVOICING_BO_SP</i>
    <i>RPT_INVOICING_SP</i>
    <i>RPT_PREBILLING_BO_SP</i>
    <i>RPT_PREBILLING_SP</i>
    <i>RPT_PROJTRANS_BO_SP</i>
    <i>RPT_PROJTRANS_SP</i>
    <i>RPT_WIPAGING_SP</i>
    <i>RPT_WIPSUMMARY_SP</i>
    <i>sp_getadjgrpnbrnumber02</i>
    <i>XDM_CREATE_RES_RESUME_SP</i>
    <i>XDM_DELETE_RES_RESUME_SP</i>
    <i>XDM_UPDATE_RES_RESUME_SP</i>
    <i>PRJ_BLB_ROLL_ASSIGN_ETCCOST_SP</i>
    <i>PRJ_BLB_ROLL_ASSIGN_ACTCOST_SP</i>
    <i>CMN_FEATURE_INS_SP</i>
    <i>CMN_FEATURE_DELETE_SP</i>
    <i>COP_PII_ANONYMIZE_SP</i>
  </object>
  <object type="SEQUENCE">
    <i>BPM_EM_EVENTS_S1</i>
    <i>CAP_FILTERS_S1</i>
    <i>CAP_LIST_SELECTIONS_S1</i>
    <i>CAP_VIEW_COLUMNS_S1</i>
    <i>CAP_VIEWS_S1</i>
    <i>PMA_IDEAS_S1</i>
    <i>PPA_POSTING_ERRORS_PK</i>
    <i>XDM_ACT_RES_RESUME_S1</i>
    <i>CMN_SEC_ACCESS_TOKENS_S1</i>
    <i>COP_PII_ANONYMIZE_S1</i>
    <i>ODF_OBJECT_CAPABILITIES_S1</i>
  </object>
  <object type="TABLE">
    <i>TAX_INTERFACE</i>
    <i>WKF_ACTIVITIES</i>
    <i>WKF_ACTIVITY_PROFILES</i>
    <i>WKF_DOCUMENTS</i>
    <i>WKF_RELEVANT_DATA</i>
    <i>WKF_RELEVANT_FIELDS</i>
    <i>WKF_TRANSITIONS</i>
    <i>WKF_WORKFLOWS</i>
    <i>WIPPOST_EXCLUDE_EMPLOYEE</i>
    <i>cbk_gl_txn_vals_migrated</i>
    <i>cbk_gl_txns_migrated</i>
    <i>XDM_CDF_SRM_RESOURCES</i>
    <i>XDM_CDF_SRM_COMPANIES</i>
    <i>XDM_CDF_SRM_PROJECTS</i>
    <i>WKF_WORKFLOW_DOCS</i>
    <i>PMA_IDEA_CHANGE_LOG</i>
    <i>PAC_TANDE_BKGD_CONF</i>
    <i>PAC_FRC_MIGRATION_PROPERTIES</i>
    <i>PAC_FRC_MIGRATION_DETAILS</i>
    <i>NPM_NIKU6_MIGRATION_STATUS</i>
    <i>NPM_NIKU6_MIGRATION_ID</i>
    <i>NBI_LOG_MATRIX_DATES</i>
    <i>GLEXCEPTION</i>
    <i>EVENTS</i>
    <i>ADJGRPNBR</i>
    <i>BPM_EM_EVENTS</i>
    <i>BUDGET_ADMINCHARGES</i>
    <i>BUDGETHEADER</i>
    <i>CAP_FILTERS</i>
    <i>CAP_LIST_SELECTIONS</i>
    <i>CAP_VIEW_COLUMNS</i>
    <i>CAP_VIEWS</i>
    <i>PPA_POSTING_ERRORS</i>
    <i>TEMP_RSM_RSF_RESOURCES</i>
    <i>XDM_ACT_RES_RESUME</i>
    <i>XBKP_CAP_SCENARIO_MEMBERS</i>
    <i>XBKP_CAP_SCENARIOS</i>
    <i>XBKP_ODF_FILTER_EXPRESSIONS</i>
    <i>XBKP_PMA_EF_CANDIDATES</i>
    <i>XBKP_PMA_EF_INVESTMENTS</i>
    <i>XBKP_PMA_PINNED_INVESTMENTS</i>
    <i>XBKP_PMA_PORTFOLIO_CONTENTS</i>
    <i>XBKP_PMA_PORTFOLIO_ROLES</i>
    <i>XBKP_PMA_PORTFOLIOS</i>
    <i>XBKP_PMA_PRTFLIO_INCL_CTNT_TYP</i>
    <i>XBKP_PMA_SCENARIO_CONSTRAINTS</i>
    <i>XBKP_PMA_SCENARIO_OPT_PARAMS</i>
    <i>XBKP_PRJ_BLB_SLICEREQUESTS</i>
    <i>API_CLIENT</i>
    <i>CMN_SEC_ACCESS_TOKENS</i>
    <i>ODF_OBJECT_CAPABILITIES</i>
  </object>
  <object type="TRIGGER">
    <i>TR_LOCATIONID_DELETE</i>
    <i>TR_DEPARTMENTS_DELETE</i>
    <i>T_SERVICE_IINV_INVESTMENTS</i>
    <i>T_PROJECT_OODF_CA_PROJECT</i>
    <i>T_PRODUCT_IINV_INVESTMENTS</i>
    <i>T_OTHER_IINV_INVESTMENTS</i>
    <i>T_ASSET_IINV_INVESTMENTS</i>
    <i>T_APPLICATION_IINV_INVESTMENTS</i>
    <i>T_ASSIGNMENT_PPRASSIGNMENT</i>
    <i>T_IDEA_IINV_INVESTMENTS</i>
    <i>T_IDEA_OODF_CA_IDEA</i>
    <i>T_IDEA_IINV_IDEAS</i>
    <i>T_INCIDENT_IIMM_INCIDENTS</i>
    <i>T_TASK_PPRTASK</i>
    <i>T_COSTPLAN_FFIN_PLANS</i>
    <i>T_RESOURCE_PPRJ_RESOURCES</i>
    <i>T_RESOURCE_SSRM_RESOURCES</i>
    <i>T_DEPARTMENT_DDEPARTMENTS</i>
    <i>T_PROJECT_IINV_INVESTMENTS</i>
    <i>T_TASK_OODF_CA_TASK</i>
  </object>
  <object type="VIEW">
    <i>DWH_LKP_SCH_BROWSE_PROJE_00_V</i>
    <i>PRJ_PROJECT_EFFORT_HPD_V</i>
    <i>PRJ_PROJECT_EFFORT_V</i>
    <i>CLB_SEARCH_CONTENTS_V</i>
    <i>CLB_SEARCH_DOCUMENTS_V</i>
    <i>COP_INV_ACT_COST_V</i>
    <i>COP_INV_DAYS_LATE_V</i>
    <i>COP_INV_RIM_STOPLIGHTS_V</i>
    <i>COP_PHASE_ACT_COST_V</i>
    <i>COP_PHASE_ROLLUP_V</i>
    <i>COP_PORTFOLIO_CNTS_BASE_V</i>
    <i>COP_PORTFOLIO_CONTENTS_V</i>
    <i>COP_PORTFOLIO_SCENARIO_V</i>
    <i>COP_PRJ_STATUSRPT_LATEST_V</i>
    <i>COP_PROGRAM_V</i>
    <i>COP_PROJ_TASK_ASSIGN_V</i>
    <i>COP_PROJECT_ROLLUP_V</i>
    <i>COP_RES_ACT_COST_V</i>
    <i>COP_TASK_ACT_COST_V</i>
    <i>COP_TSK_DAYS_LATE_V</i>
    <i>COP_USR_ACCESS_RIGHTS_V</i>
    <i>CSP_RES_TEAM_OBS_V</i>
    <i>CSP_SEC_SCENARIO_PERM_R_V</i>
    <i>CSP_SEC_SCENARIO_PERM_V</i>
    <i>CSP_USR_ACCESS_RIGHTS_V</i>
    <i>CUST_DEPENDENCY_V</i>
    <i>PMA_IDEAS</i>
    <i>ODFSEC_COP_IDEA_PRJ_MAP_V</i>
    <i>ODFSEC_COP_IDEA_PRJ_MAP_V2</i>
    <i>ODFSEC_COP_PGM_MGMT_PLAN_V</i>
    <i>ODFSEC_COP_PGM_MGMT_PLAN_V2</i>
    <i>ODFSEC_COP_PRJ_STATUSRPT_V</i>
    <i>ODFSEC_COP_PRJ_STATUSRPT_V2</i>
    <i>ODFSEC_COP_QUALITY_ATTRIB_V</i>
    <i>ODFSEC_COP_QUALITY_ATTRIB_V2</i>
    <i>ODFSEC_COP_SCOPE_V</i>
    <i>ODFSEC_COP_SCOPE_V2</i>
    <i>ODF_COP_IDEA_PRJ_MAP_V</i>
    <i>ODF_COP_IDEA_PRJ_MAP_V2</i>
    <i>ODF_COP_PGM_MGMT_PLAN_V</i>
    <i>ODF_COP_PGM_MGMT_PLAN_V2</i>
    <i>ODF_COP_PRJ_STATUSRPT_V</i>
    <i>ODF_COP_PRJ_STATUSRPT_V2</i>
    <i>ODF_COP_QUALITY_ATTRIB_V</i>
    <i>ODF_COP_QUALITY_ATTRIB_V2</i>
    <i>ODF_COP_SCOPE_V</i>
    <i>ODF_COP_SCOPE_V2</i>
    <i>DWH_COP_PRJ_STATUSRPT_V</i>
    <i>DWH_LKP_OBJ_IDEA_BUSINES_00_V</i>
    <i>DWH_LKP_OBJ_IDEA_PROJECT_00_V</i>
    <i>DWH_LKP_OBJ_PROJECT_STAK_00_V</i>
    <i>DWH_SEC_GLOBAL_RIGHT_V</i>
    <i>DWH_SEC_USER_V</i>
    <i>CMN_SEC_ASSGND_OBJ_PERM_V</i>
    <i>CMN_SEC_ASSGND_OBJ_PERM_V0</i>
    <i>CMN_SEC_ASSGND_OBJ_PERM_V2</i>
    <i>CMN_SEC_CHK_INST_V</i>
    <i>CMN_SEC_CHK_INST_V0</i>
    <i>CMN_SEC_CHK_NO_USER_GLB_R_V</i>
    <i>CMN_SEC_CHK_NO_USER_GLB_R_V0</i>
    <i>CMN_SEC_CHK_NO_USER_INST_V</i>
    <i>DWH_INV_TEAM_DEF_MEMBER_V</i>
    <i>DWH_TEAMDEFINITION_V</i>
    <i>RPT_RDM_ROADMAP_MAPPING_V</i>
    <i>RPT_RDM_ROADMAP_PICK_ITEMS_V</i>
    <i>DWH_SV_V</i>
  </object>
</schema>